Besi Recycle,recycle scrap
Plastic Recycle,recycle Plastik
Plastic Recycle,recycle Plastik
Besi Recycle,recycle scrap
Plastic Recycle
recycle Plastik
Besi Recycle
recycle scrap
Besi Recycle
recycle scrap
Besi Recycle
recycle scrap
Plastic Recycle
recycle Plastik
Besi Recycle
"Recycle Scrap, Sampah Besi"
Sampah Organik
Pembuangan Sampah Organik
Sampah Plastik
Sampah Plastik
Kayu Bekas
Kayu Bekas
Kayu Bekas
Kayu Bekas
Sampah Plastik
Sampah Plastik
Sampah Besi
Sampah Besi
Sampah Besi
Sampah Besi
Sampah Besi
Sampah Besi
Sampah Kayu
Sampah Kayu
Sampah Organik
Pembuangan Sampah Organik
Sampah Organik
Pembuangan Sampah Organik
Non Recycle
Pembuangan Sampah Anorganik
Sampah Plastik
Sampah Plastik
